{"morteza": {"histogram": [0.0, 0.0, 0.0, 0.0, 0.0, 0.0, 0.0, 0.0, 0.0, 0.0, 0.0, 0.0, 0.0, 0.0, 0.0, 0.0, 0.0, 0.0, 0.0, 1.0, 2.0, 11.0, 31.0, 85.0, 124.0, 195.0, 338.0, 457.0, 518.0, 546.0, 565.0, 529.0, 532.0, 478.0, 551.0, 464.0, 435.0, 429.0, 416.0, 404.0, 449.0, 446.0, 422.0, 393.0, 397.0, 404.0, 357.0, 353.0, 310.0, 341.0, 349.0, 320.0, 317.0, 364.0, 376.0, 421.0, 431.0, 436.0, 393.0, 397.0, 394.0, 397.0, 380.0, 380.0, 406.0, 363.0, 392.0, 439.0, 387.0, 390.0, 391.0, 401.0, 373.0, 372.0, 409.0, 414.0, 384.0, 352.0, 335.0, 380.0, 403.0, 402.0, 406.0, 386.0, 347.0, 348.0, 315.0, 300.0, 316.0, 288.0, 342.0, 267.0, 291.0, 288.0, 288.0, 296.0, 294.0, 316.0, 325.0, 355.0, 366.0, 370.0, 394.0, 386.0, 366.0, 379.0, 385.0, 344.0, 290.0, 290.0, 299.0, 284.0, 245.0, 223.0, 217.0, 158.0, 164.0, 142.0, 141.0, 118.0, 132.0, 114.0, 104.0, 120.0, 109.0, 109.0, 114.0, 99.0, 102.0, 96.0, 96.0, 98.0, 105.0, 90.0, 122.0, 104.0, 131.0, 108.0, 104.0, 106.0, 97.0, 93.0, 78.0, 76.0, 80.0, 62.0, 63.0, 62.0, 71.0, 73.0, 88.0, 104.0, 98.0, 95.0, 108.0, 81.0, 97.0, 100.0, 73.0, 77.0, 72.0, 69.0, 62.0, 66.0, 78.0, 81.0, 106.0, 77.0, 86.0, 64.0, 66.0, 42.0, 27.0, 28.0, 26.0, 13.0, 12.0, 20.0, 16.0, 9.0, 8.0, 8.0, 7.0, 6.0, 8.0, 13.0, 8.0, 9.0, 8.0, 13.0, 21.0, 16.0, 18.0, 14.0, 19.0, 13.0, 10.0, 21.0, 18.0, 13.0, 15.0, 13.0, 20.0, 18.0, 21.0, 17.0, 7.0, 14.0, 23.0, 21.0, 24.0, 17.0, 12.0, 7.0, 1.0, 0.0, 0.0, 0.0, 0.0, 0.0, 0.0, 0.0, 0.0, 0.0, 0.0, 0.0, 0.0, 0.0, 0.0, 0.0, 0.0, 0.0, 0.0, 0.0, 0.0, 0.0, 0.0, 0.0, 0.0, 0.0, 0.0, 0.0, 0.0, 0.0, 0.0, 0.0, 0.0, 0.0, 0.0, 0.0, 0.0, 0.0, 0.0, 0.0, 0.0, 0.0], "mean_intensity": 78.073875, "std_intensity": 38.16247132307308, "face_area": 40000, "edge_density": 7.15275, "symmetry_score": 175.73025, "local_binary_pattern": [1287, 44, 203, 201, 52, 1, 216, 535, 224, 157, 36, 621, 16, 19, 40, 1471, 260, 14, 31, 42, 238, 9, 681, 1829, 66, 27, 1, 38, 40, 19, 57, 1512, 53, 5, 16, 9, 9, 1, 19, 15, 193, 290, 36, 899, 17, 10, 30, 742, 24, 0, 0, 0, 14, 1, 27, 30, 24, 20, 1, 32, 23, 23, 32, 495, 217, 21, 41, 21, 17, 1, 25, 30, 19, 40, 2, 39, 2, 1, 2, 33, 42, 0, 5, 4, 41, 0, 47, 30, 7, 2, 0, 0, 5, 3, 0, 30, 218, 13, 28, 15, 16, 0, 22, 15, 561, 977, 42, 719, 38, 24, 30, 403, 41, 2, 3, 2, 44, 1, 32, 35, 29, 21, 1, 17, 25, 25, 46, 230, 64, 3, 14, 11, 7, 0, 9, 21, 16, 11, 2, 36, 2, 1, 2, 46, 200, 9, 36, 23, 373, 18, 1211, 852, 27, 22, 4, 25, 20, 21, 30, 511, 4, 1, 3, 0, 0, 0, 0, 2, 10, 15, 0, 35, 1, 1, 0, 20, 10, 0, 3, 1, 8, 2, 47, 28, 23, 18, 4, 25, 15, 20, 27, 412, 193, 12, 24, 24, 7, 0, 21, 22, 38, 33, 1, 35, 1, 2, 3, 41, 799, 37, 34, 34, 1432, 32, 830, 469, 51, 38, 5, 24, 33, 30, 26, 302, 470, 15, 22, 18, 26, 5, 19, 30, 1261, 693, 33, 447, 38, 19, 37, 350, 1984, 46, 42, 39, 1023, 25, 503, 430, 1460, 483, 33, 275, 622, 418, 319, 2341], "gabor_features": 65.675975, "facial_landmarks": 78.073875, "texture_features": [3042.0, 353.0, 0.0, 0.0, 0.0, 0.0, 0.0, 0.0, 342.0, 11853.0, 609.0, 1.0, 0.0, 0.0, 0.0, 0.0, 0.0, 526.0, 10158.0, 695.0, 13.0, 0.0, 0.0, 0.0, 0.0, 12.0, 569.0, 6781.0, 365.0, 6.0, 0.0, 0.0, 0.0, 0.0, 7.0, 234.0, 2485.0, 147.0, 0.0, 0.0, 0.0, 0.0, 0.0, 0.0, 55.0, 966.0, 37.0, 0.0, 0.0, 0.0, 0.0, 0.0, 0.0, 26.0, 319.0, 0.0, 0.0, 0.0, 0.0, 0.0, 0.0, 0.0, 0.0, 0.0]}, "test_user": {"histogram": [0.0, 0.0, 0.0, 0.0, 0.0, 0.0, 0.0, 0.0, 0.0, 0.0, 0.0, 0.0, 0.0, 0.0, 0.0, 0.0, 2.0, 0.0, 2.0, 17.0, 61.0, 94.0, 150.0, 203.0, 304.0, 356.0, 517.0, 460.0, 498.0, 482.0, 467.0, 412.0, 386.0, 425.0, 398.0, 384.0, 403.0, 367.0, 351.0, 352.0, 332.0, 364.0, 344.0, 330.0, 368.0, 337.0, 323.0, 307.0, 381.0, 354.0, 344.0, 346.0, 357.0, 366.0, 362.0, 390.0, 422.0, 419.0, 445.0, 451.0, 460.0, 433.0, 455.0, 429.0, 420.0, 428.0, 485.0, 504.0, 519.0, 427.0, 436.0, 410.0, 408.0, 443.0, 429.0, 436.0, 406.0, 436.0, 417.0, 362.0, 382.0, 346.0, 336.0, 319.0, 305.0, 308.0, 300.0, 312.0, 316.0, 321.0, 347.0, 325.0, 323.0, 333.0, 298.0, 293.0, 293.0, 287.0, 312.0, 279.0, 328.0, 310.0, 329.0, 277.0, 292.0, 251.0, 261.0, 238.0, 222.0, 250.0, 280.0, 279.0, 282.0, 292.0, 241.0, 251.0, 230.0, 227.0, 199.0, 201.0, 161.0, 160.0, 143.0, 129.0, 97.0, 110.0, 101.0, 98.0, 97.0, 84.0, 88.0, 89.0, 90.0, 81.0, 94.0, 84.0, 91.0, 89.0, 81.0, 115.0, 82.0, 80.0, 88.0, 82.0, 79.0, 92.0, 59.0, 79.0, 82.0, 85.0, 81.0, 73.0, 70.0, 74.0, 72.0, 69.0, 79.0, 59.0, 63.0, 61.0, 73.0, 51.0, 48.0, 48.0, 43.0, 48.0, 30.0, 34.0, 28.0, 24.0, 41.0, 39.0, 27.0, 22.0, 33.0, 25.0, 42.0, 29.0, 32.0, 38.0, 32.0, 32.0, 29.0, 32.0, 31.0, 19.0, 15.0, 22.0, 14.0, 26.0, 26.0, 34.0, 38.0, 27.0, 33.0, 25.0, 10.0, 17.0, 16.0, 24.0, 11.0, 21.0, 20.0, 27.0, 17.0, 21.0, 13.0, 19.0, 32.0, 28.0, 23.0, 32.0, 29.0, 19.0, 9.0, 3.0, 2.0, 2.0, 2.0, 4.0, 1.0, 3.0, 0.0, 3.0, 3.0, 5.0, 1.0, 1.0, 1.0, 2.0, 3.0, 2.0, 1.0, 2.0, 1.0, 2.0, 2.0, 5.0, 3.0, 0.0, 4.0, 1.0, 3.0, 2.0, 1.0, 0.0, 3.0, 2.0, 2.0, 0.0, 3.0, 1.0, 2.0, 1.0, 1.0, 0.0], "mean_intensity": 78.12385, "std_intensity": 39.37371281931004, "face_area": 40000, "edge_density": 10.525125, "symmetry_score": 173.4391, "local_binary_pattern": [1394, 83, 302, 274, 102, 14, 264, 506, 242, 199, 36, 605, 28, 21, 70, 1420, 238, 21, 26, 33, 244, 18, 717, 1550, 47, 19, 5, 40, 28, 26, 35, 1128, 74, 9, 26, 23, 16, 3, 22, 20, 190, 357, 47, 1177, 20, 26, 41, 808, 27, 4, 1, 4, 7, 1, 38, 36, 30, 12, 4, 28, 25, 23, 33, 459, 267, 26, 50, 21, 21, 3, 27, 34, 26, 50, 6, 43, 5, 3, 4, 42, 39, 4, 0, 3, 53, 4, 46, 40, 3, 3, 1, 4, 7, 3, 2, 45, 211, 13, 29, 16, 21, 1, 23, 15, 556, 1221, 44, 754, 24, 44, 35, 369, 58, 1, 2, 4, 33, 3, 38, 47, 36, 34, 1, 20, 28, 53, 33, 247, 83, 12, 24, 16, 12, 0, 25, 26, 30, 12, 0, 32, 1, 0, 2, 52, 210, 13, 39, 45, 358, 18, 1329, 873, 23, 14, 3, 36, 25, 17, 35, 523, 9, 2, 7, 1, 0, 0, 0, 3, 9, 13, 3, 57, 0, 5, 5, 43, 18, 3, 5, 5, 29, 2, 49, 33, 33, 27, 6, 37, 19, 26, 42, 464, 260, 23, 26, 15, 18, 1, 22, 24, 47, 28, 2, 31, 7, 5, 6, 40, 736, 36, 45, 37, 1120, 63, 752, 414, 50, 30, 2, 26, 30, 55, 24, 278, 566, 23, 21, 20, 22, 6, 15, 30, 1140, 607, 31, 342, 37, 37, 49, 328, 1965, 47, 47, 39, 920, 41, 443, 384, 1205, 456, 38, 268, 572, 463, 339, 2178], "gabor_features": 72.404225, "facial_landmarks": 78.12385, "texture_features": [3637.0, 351.0, 1.0, 0.0, 0.0, 0.0, 0.0, 0.0, 353.0, 10874.0, 828.0, 2.0, 0.0, 0.0, 0.0, 0.0, 0.0, 774.0, 10544.0, 651.0, 12.0, 0.0, 0.0, 0.0, 0.0, 22.0, 654.0, 6363.0, 343.0, 11.0, 0.0, 0.0, 0.0, 0.0, 37.0, 310.0, 2075.0, 160.0, 1.0, 0.0, 0.0, 0.0, 0.0, 26.0, 134.0, 828.0, 61.0, 0.0, 0.0, 0.0, 0.0, 0.0, 5.0, 25.0, 459.0, 7.0, 0.0, 0.0, 0.0, 0.0, 0.0, 0.0, 0.0, 53.0]}}